<?xml version="1.0" encoding="utf-8"?>
<!DOCTYPE extension SYSTEM "ext-1.0.dtd">

<!--
/**
 * HM Easy BBcode.
 * @copyright (C) 2009 - 2012
 * Himura http://mybb-es.com/member.php?action=profile&uid=501
 * http://punbb.es/user16.html
 * @package easy_bbcode
 *
 * PunBB
 * @copyright (C) 2008-2012 PunBB
 * @license http://www.gnu.org/licenses/gpl.html GPL version 2 or higher 
 * 
 */
-->

<extension engine="1.0">
	<id>easy_bbcode</id>
	<title>HM Easy BBcodes</title>
	<version>1.1</version>
	<description>Esta extencion permite crear bbcodes desde el panel de administracion</description>
	<author>Himura</author>
	<minversion>1.4</minversion>
	<maxtestedon>1.4.2</maxtestedon>
	<install>
	<![CDATA[
	if (!$forum_db->table_exists('bbcodes'))
	{
	$data = array(
		'FIELDS'	=> array(
			'cid'	=>	array(
				'datatype'		=> 'INT(100) UNSIGNED AUTO_INCREMENT',
				'allow_null'	=> false
			),
			'name'	=>	array(
				'datatype'		=> 'varchar(150)',
				'allow_null'	=> false
			),
			'exregular'	=>	array(
				'datatype'		=> 'text',
				'allow_null'	=> false
			),
			'reemplazo'	=>	array(
				'datatype'		=> 'text',
				'allow_null'	=> false
			),
			'active'	=>	array(
				'datatype'		=> 'INT(2) UNSIGNED',
				'allow_null'	=> false
			)
		),
		'PRIMARY KEY'	=> array('cid'),
	);
	$forum_db->create_table('bbcodes', $data);
	}
]]>
	</install>
	<uninstall>	
	<![CDATA[
	if ($forum_db->table_exists('bbcodes'))
	{
	$forum_db->drop_table('bbcodes');
	}
	]]>
	</uninstall>
	<hooks>
		<hook id="aop_new_section">
<![CDATA[
if (file_exists($ext_info['path'].'/lang/'.$forum_user['language'].'/'.$ext_info['id'].'.php'))
require $ext_info['path'].'/lang/'.$forum_user['language'].'/'.$ext_info['id'].'.php';
else
require $ext_info['path'].'/lang/English/'.$ext_info['id'].'.php';
if($section=='bbcodes')
	{
	// Setup breadcrumbs
	$forum_page['crumbs'] = array(
		array($forum_config['o_board_title'], forum_link($forum_url['index'])),
		array($lang_admin_common['Forum administration'], forum_link($forum_url['admin_index'])),
		array($lang_admin_common['Settings'], forum_link($forum_url['admin_settings_setup'])),
		array("Easy BBcode", "settings.php?section=bbcodes")		
	);	

	define('FORUM_PAGE_SECTION', 'settings');
	define('FORUM_PAGE', 'admin-settings-bbcodes');
	require FORUM_ROOT.'header.php';
	ob_start();
	$consulta=$forum_db->query("SELECT * FROM ".$forum_db->prefix."bbcodes") or error(__FILE__, __LINE__);
	while($resultado=$forum_db->fetch_assoc($consulta))
	{
	$bbcodes=1;
	$tw="width:auto;";
	$bbcodelists.="<tr class='admin-submenu gen-content' style='font-size:9px;'><td style='border:1px solid #000000;'>".$resultado['name']."</td><td style='border:1px solid #000000;'>".$resultado['exregular']."</td><td style='border:1px solid #000000;'>".forum_htmlencode($resultado['reemplazo'])."</td><td style='border:1px solid #000000;'><a href='".$base_url."/admin/settings.php?section=edit_bbcode&cid=".$resultado['cid']."'>".$lang_ebbcode['edit']."</a></td><td style='border:1px solid #000000;'><a href='#' onclick='validar({$resultado[cid]});'>".$lang_ebbcode['del']."</a<</td></tr>";
	}
	if(!file_exists(FORUM_ROOT."/cache/cache_bbcode.php") & $bbcodes==1)
	{
		$error_no_cache="<b><font color='red'>".$lang_ebbcode['acne']." <a href='".$base_url."/admin/settings.php?section=do_bbcode&do=cache'>".$lang_ebbcode['acnelink']."</a></font></b>";
	}
	if(!$bbcodelists)
	{
	$nb="border-right:0;";
	$bbcodelists="<tr class='admin-submenu gen-content' style='border:1px solid #000000;'><td colspan='5' style='text-align:center; border:1px solid #000000;".$nb."'>".$lang_ebbcode['nobb']."</td></tr>";
	}
	if($_GET['result']=="sus")
	{
	$message="<font color='green'><b>".$lang_ebbcode['rsus']."</b></font>";
	}
	elseif($_GET['result']=="error")
	{
	$message="<font color='red'><b>".$lang_ebbcode['rerror']."</b></font>";
	}
	echo "<script language='javascript'>
			function validar(cid)
			{
				if (confirm('".$lang_ebbcode['delc']."'))
				{
					location.href='".$base_url."/admin/settings.php?section=do_bbcode&do=del&cid='+ cid +''; 
				}
			}
			</script>
			<div class='main-content frm'>
			<div class='content-head'>
				<h2 class='hn'><span>Easy BBcode</span><span style='float:right;'><a href='".$base_url."/admin/settings.php?section=new_bbcode'>".$lang_ebbcode['nbbc']."</a></span></h2>
			</div>
				<fieldset class='frm-group group1'>
					<legend class='group-legend'><strong>xxx</strong></legend>
					".$error_no_cache."".$message."
					<table style='text-align:center;".$tw."border:1px solid #000000;empty-cells:hide;'>
					<tr class='admin-menu gen-content'>
					<td style='border:1px solid #000000;'>".$lang_ebbcode['name']."</td>
					<td style='border:1px solid #000000;'>".$lang_ebbcode['exr']."</td>
					<td style='border:1px solid #000000;'>".$lang_ebbcode['rplz']."</td>
					<td style='border:1px solid #000000;'>".$lang_ebbcode['edit']."</td>
					<td style='border:1px solid #000000;".$nb."'>".$lang_ebbcode['del']."</td>
					</tr>
					".$bbcodelists."
					</table>
				</fieldset>
			<div class='frm-buttons'>
				".$lang_ebbcode['devby']." <a target='_blank' href='http://mybb-es.com/member.php?action=profile&uid=501'>Himura</a> ".$lang_ebbcode['sup']." <a target='_blank' href='http://punbb.es'>PunBB Hispano</a>
			</div>		
</div>";	
}
if($section=="new_bbcode")
{
	// Setup breadcrumbs
	$forum_page['crumbs'] = array(
		array($forum_config['o_board_title'], forum_link($forum_url['index'])),
		array($lang_admin_common['Forum administration'], forum_link($forum_url['admin_index'])),
		array($lang_admin_common['Settings'], forum_link($forum_url['admin_settings_setup'])),
		array("Easy BBcode", "settings.php?section=bbcodes")		
	);	

	define('FORUM_PAGE_SECTION', 'settings');
	define('FORUM_PAGE', 'admin-settings-bbcodes');
	require FORUM_ROOT.'header.php';
	ob_start();	
	$forum_token=generate_form_token("".$base_url."/admin/settings.php?section=do_bbcode&do=create");
	echo "<div class='main-content frm'>
			<div class='content-head'>
				<h2 class='hn'><span>Easy BBcode ".$lang_ebbcode['codec']."</span></h2>
			</div>
				<fieldset class='frm-group group1'>
					<legend class='group-legend'><strong>xxx</strong></legend>
					<form class='frm-form' method='post' accept-charset='utf-8' action='".$base_url."/admin/settings.php?section=do_bbcode&do=create'>
					<div class='hidden'>
						<input type='hidden' name='csrf_token' value='".$forum_token."' />				
					</div>
					<div class='sf-set set1'>					
						<div class=\"sf-box text\">
							<label for=\"fld1\"><span>".$lang_ebbcode['name'].":</span><small>".$lang_ebbcode['ndesc']."</small></label><br />
							<span class=\"fld-input\"><input type=\"text\" id=\"fld1\" name=\"bbname\" maxlength=\"149\" size=\"100\" /></span>
						</div>					
					</div>
					<div class='sf-set set2'>					
						<div class=\"sf-box text\">
							<label for=\"fld2\"><span>".$lang_ebbcode['exr'].":</span><small>".$lang_ebbcode['exrd1']."<br style='display:block;' />\[youtube\](.*?)\[/youtube\]<br style='display:block;' />".$lang_ebbcode['descav']." \[youtube width=(.*?) height=(.*?)\](.*?)\[/youtube\]</small></label><br />
							<span class=\"fld-input\"><input type=\"text\" id=\"fld2\" name=\"bbexr\" size=\"100\" /></span>
						</div>
					</div>					
					<div class='txt-set set3'>
						<div class='sf-box textarea'>
							<label for='fld3'><span>".$lang_ebbcode['rplz'].":</span><small>".$lang_ebbcode['rplzd1']."<br style='display:block;'/>".forum_htmlencode('<iframe width="560" height="315" src="http://www.youtube.com/embed/$1" frameborder="0" allowfullscreen></iframe>')."<br style='display:block;'/>".$lang_ebbcode['descav']." ".forum_htmlencode('<iframe width="$1" height="$2" src="http://www.youtube.com/embed/$3" frameborder="0" allowfullscreen></iframe>')."</small></label><br />
							<div class='txt-input'><span class='fld-input'><textarea name='reemplazo' id='fld3' rows='5' cols='55'></textarea></span></div>
						</div>
					</div>
					<div class='sf-set set4'>					
						<div class='sf-box checkbox'>
							<label for='fld4'><span>".$lang_ebbcode['atv']."</span></label><br style='display:block;' />
							<span class='fld-input'>
							<input type='radio' id='fld4' name='active' value='1' checked>&nbsp;&nbsp;".$lang_ebbcode['yes']."&nbsp;&nbsp;&nbsp;&nbsp;<input type='radio' name='active' value='0' />&nbsp;&nbsp;".$lang_ebbcode['no']."&nbsp;&nbsp;</span><br>
						</div>
						<div><small>".$lang_ebbcode['atvdesc']."</small></div>
					</div>
				</fieldset>
			<div class='frm-buttons'>
				<span class='submit'><input type='submit' name='save' value='".$lang_admin_common['Save changes']."' /></span>
			</div>
		</form>
</div>";
}
if($section=="edit_bbcode")
{
	$forum_page['group_count'] = $forum_page['item_count'] = $forum_page['fld_count'] = 0;
	$consulta=$forum_db->query("SELECT * FROM ".$forum_db->prefix."bbcodes WHERE cid='".$_GET['cid']."'") or error(__FILE__, __LINE__);
	$resultado=$forum_db->fetch_assoc($consulta);
	if($resultado['active']==1)
	{
	$radio1=" checked";
	}
	elseif($resultado['active']==0)
	{
	$radio2=" checked";
	}

	// Setup breadcrumbs
	$forum_page['crumbs'] = array(
		array($forum_config['o_board_title'], forum_link($forum_url['index'])),
		array($lang_admin_common['Forum administration'], forum_link($forum_url['admin_index'])),
		array($lang_admin_common['Settings'], forum_link($forum_url['admin_settings_setup'])),
		array("Easy BBcode", "settings.php?section=bbcodes")		
	);	

	define('FORUM_PAGE_SECTION', 'settings');
	define('FORUM_PAGE', 'admin-settings-bbcodes');
	require FORUM_ROOT.'header.php';
	ob_start();	
	$forum_token=generate_form_token("".$base_url."/admin/settings.php?section=do_bbcode&do=edit");
	echo "<div class='main-content frm'>
			<div class='content-head'>
				<h2 class='hn'><span>Easy BBcode ".$lang_ebbcode['cedit']." ".$resultado['name']."</span></h2>
			</div>
				<fieldset class='frm-group group1'>
					<legend class='group-legend'><strong>xxx</strong></legend>
					<form class='frm-form' method='post' accept-charset='utf-8' action='".$base_url."/admin/settings.php?section=do_bbcode&do=edit'>
					<div class='hidden'>
						<input type='hidden' name='csrf_token' value='".$forum_token."' />
						<input type='hidden' name='cid' value='".$resultado['cid']."' />
					</div>
					<div class='sf-set set1'>					
						<div class=\"sf-box text\">
							<label for=\"fld1\"><span>".$lang_ebbcode['name'].":</span><small>".$lang_ebbcode['ndesc']."</small></label><br />
							<span class=\"fld-input\"><input type=\"text\" id=\"fld1\" name=\"bbname\" value ='".$resultado['name']."' maxlength=\"149\" size=\"100\" /></span>
						</div>					
					</div>
					<div class='sf-set set2'>					
						<div class=\"sf-box text\">
							<label for=\"fld2\"><span>".$lang_ebbcode['exr'].":</span><small>".$lang_ebbcode['exrd1']."<br style='display:block;' />\[youtube\](.*?)\[/youtube\]<br style='display:block;' />".$lang_ebbcode['descav']." \[youtube width=(.*?) height=(.*?)\](.*?)\[/youtube\]</small></label><br />
							<span class=\"fld-input\"><input type=\"text\" id=\"fld2\" name=\"bbexr\" value='".$resultado['exregular']."' size=\"100\" /></span>
						</div>
					</div>					
					<div class='txt-set set3'>
						<div class='sf-box textarea'>
							<label for='fld3'><span>".$lang_ebbcode['rplz'].":</span><small>".$lang_ebbcode['rplzd1']."<br style='display:block;'/>".forum_htmlencode('<iframe width="560" height="315" src="http://www.youtube.com/embed/$1" frameborder="0" allowfullscreen></iframe>')."<br style='display:block;'/>".$lang_ebbcode['descav']." ".forum_htmlencode('<iframe width="$1" height="$2" src="http://www.youtube.com/embed/$3" frameborder="0" allowfullscreen></iframe>')."</small></label><br />
							<div class='txt-input'><span class='fld-input'><textarea name='reemplazo' id='fld3' rows='5' cols='55'>".$resultado['reemplazo']."</textarea></span></div>
						</div>
					</div>
					<div class='sf-set set4'>					
						<div class='sf-box checkbox'>
							<label for='fld4'><span>".$lang_ebbcode['atv']."</span></label><br style='display:block;' />
							<span class='fld-input'>
							<input type='radio' id='fld4' name='active' value='1'".$radio1.">&nbsp;&nbsp;".$lang_ebbcode['yes']."&nbsp;&nbsp;&nbsp;&nbsp;<input type='radio' name='active' value='0'".$radio2.">&nbsp;&nbsp;".$lang_ebbcode['no']."&nbsp;&nbsp;</span><br>
						</div>
						<div><small>".$lang_ebbcode['atvdesc']."</small></div>
					</div>
				</fieldset>
			<div class='frm-buttons'>
				<span class='submit'><input type='submit' name='save' value='".$lang_admin_common['Save changes']."' /></span>
			</div>
		</form>
</div>";
}
if($section=="do_bbcode")
{
require "".$ext_info['path']."/funcion.php";
if($_GET['do']=="create")
{
if($_POST['bbname'] & $_POST['bbexr'])
{
$forum_db->query("INSERT INTO ".$forum_db->prefix."bbcodes (name,exregular,reemplazo,active) VALUES ('".$forum_db->escape($_POST['bbname'])."','".$forum_db->escape(str_replace("\x0","",$_POST['bbexr']))."','".$forum_db->escape($_POST['reemplazo'])."','".$forum_db->escape($_POST['active'])."')") or error(__FILE__, __LINE__);
bbcodes_cache();
}
else
{
redirect("".$base_url."/admin/settings.php?section=bbcodes&result=error", "error");
}
}
elseif($_GET['do']=="edit")
{
if($_POST['bbname'] & $_POST['bbexr'] & $_POST['cid'])
{
$forum_db->query("UPDATE ".$forum_db->prefix."bbcodes SET name='".$forum_db->escape($_POST['bbname'])."',exregular='".$forum_db->escape(str_replace("\x0","",$_POST['bbexr']))."',reemplazo='".$forum_db->escape($_POST['reemplazo'])."',active='".$forum_db->escape($_POST['active'])."' WHERE cid='".$forum_db->escape($_POST['cid'])."'") or error(__FILE__, __LINE__);
bbcodes_cache();
}
else
{
redirect("".$base_url."/admin/settings.php?section=bbcodes&result=error", "error");
}
}
elseif($_GET['do']=="del")
{
if($_GET['cid'])
{
$forum_db->query("DELETE FROM ".$forum_db->prefix."bbcodes WHERE cid='".$_GET['cid']."'") or error(__FILE__, __LINE__);
bbcodes_cache();
}
else
{
redirect("".$base_url."/admin/settings.php?section=bbcodes&result=error", "error");
}
}
elseif($_GET['do']=="cache")
{
bbcodes_cache();
}
}
]]>
	</hook>
	<hook id="ca_fn_generate_admin_menu_new_sublink"><![CDATA[
	if(FORUM_PAGE_SECTION=="settings")
	{
		$forum_page['admin_submenu']['settings-bbcodes']='<li class="'.((FORUM_PAGE == 'admin-settings-bbcodes') ? 'active' : 'normal').((empty($forum_page['admin_submenu'])) ? ' first-item' : '').'"><a href="settings.php?section=bbcodes">Easy BBcodes</a></li>';
	}
]]>
	</hook>
	<hook id="ps_parse_message_end, ps_parse_signature_end">
	<![CDATA[
if(file_exists(FORUM_ROOT."cache/cache_bbcode.php"))
{
$bbcodes_cache="";
$bbcodes="";
require FORUM_ROOT."cache/cache_bbcode.php";
foreach($bbcodes_cache as $bbcodes)
{
	if($bbcodes['active']==1)
	{
		$text=preg_replace($bbcodes['exregular'], $bbcodes['reemplazo'],$text);
	}
}
return "$text";
}
	]]>
	</hook>
<hook id="hd_pre_template_loaded">
<![CDATA[
if (file_exists($ext_info['path'].'/lang/'.$forum_user['language'].'/'.$ext_info['id'].'.php'))
require $ext_info['path'].'/lang/'.$forum_user['language'].'/'.$ext_info['id'].'.php';
else
require $ext_info['path'].'/lang/English/'.$ext_info['id'].'.php';
if($forum_user['group_id']==1)
{
	if(!file_exists(FORUM_ROOT."/cache/cache_bbcode.php"))
	{
	$consulta=$forum_db->query("SELECT cid FROM ".$forum_db->prefix."bbcodes") or error(__FILE__, __LINE__);
	$num=$forum_db->num_rows($consulta);
		if($num>=1)
		{	
			echo "<b><font color='red'>".$lang_ebbcode['gcne']." <a href='".$base_url."/admin/settings.php?section=do_bbcode&do=cache'>".$lang_ebbcode['gcnelink']."</a></font></b>";
		}
	}
}
]]>
</hook>
	</hooks>
</extension>