<?xml version="1.0" encoding="utf-8"?>
<!DOCTYPE extension SYSTEM "ext-1.0.dtd">

<!--
/**
 * Allow users to give points to topic and post.
 * 
 *
 * @copyright (C) 2011 KANekT Habr effect extension for PunBB (C)
 * @copyright Copyright (C) 2011 PunBB
 * @license http://www.gnu.org/licenses/gpl.html GPL version 2 or higher
 * @package reputation
 */
-->

<extension engine="1.0">
    <id>nya_habr</id>
    <title>Habr effect</title>
    <version>0.1.6</version>
    <description><![CDATA[Allow users to give points to topic and post.]]></description>
    <author>KANekT</author>
    <minversion>1.4RC2</minversion>
    <maxtestedon>1.4.2</maxtestedon>

    <dependencies>
        <dependency>developer_helper</dependency>
        <dependency>pun_jquery</dependency>
        <dependency>nya_jquery_ui</dependency>
    </dependencies>

    <install><![CDATA[
        define('HABR_INSTALL', 1);
        require $ext_info['path'].'/install.php';
	]]></install>

    <uninstall><![CDATA[
        define('HABR_UNINSTALL', 1);
        require $ext_info['path'].'/uninstall.php';
	]]></uninstall>

	<hooks>
        <hook id="agr_start, aop_start, afo_start"><![CDATA[
            require $ext_info['path'].'/hook_dispatcher.php';
            Habr_Hook_Dispatcher::admin_init();
		]]></hook>

		<hook id="vt_start"><![CDATA[
            require $ext_info['path'].'/hook_dispatcher.php';
            Habr_Hook_Dispatcher::vt_init();
		]]></hook>

		<hook id="pf_start"><![CDATA[
            require $ext_info['path'].'/hook_dispatcher.php';
            Habr_Hook_Dispatcher::pf_init();
		]]></hook>

        <hook id="po_start"><![CDATA[
            require $ext_info['path'].'/hook_dispatcher.php';
            Habr_Hook_Dispatcher::po_init();
		]]></hook>

        <hook id="ed_start"><![CDATA[
            require $ext_info['path'].'/hook_dispatcher.php';
            Habr_Hook_Dispatcher::ed_init();
		]]></hook>

        <hook id="dl_start"><![CDATA[
            require $ext_info['path'].'/hook_dispatcher.php';
            Habr_Hook_Dispatcher::dl_init();
		]]></hook>

        <hook id="fn_add_topic_qr_add_topic_post, fn_add_topic_qr_add_topic"><![CDATA[
				$query['INSERT'] .= ', habr_immunity';
				$query['VALUES'] .= ', '.$post_info['habr_immunity'];
		]]></hook>

		<hook id="co_modify_url_scheme"><![CDATA[
            if (file_exists($ext_info['path'].'/url/'.$forum_config['o_sef'].'.php'))
                require $ext_info['path'].'/url/'.$forum_config['o_sef'].'.php';
            else
                require $ext_info['path'].'/url/Default.php';
		]]></hook>
		
		<hook id="re_rewrite_rules"><![CDATA[
            require $ext_info['path'].'/url/rewrite_rule.php';
		]]></hook>	
	</hooks>
</extension>
