<?xml version="1.0" encoding="utf-8"?>
<!DOCTYPE extension SYSTEM "ext-1.0.dtd">

<!--
/*
	Copyright (C) 2010 Tom "Grez" Bartoň
	Released under GPL license version 3 or any later version <http://www.gnu.org/licenses/gpl.html>
	
	This extension is free software: you can redistribute it and/or modify
	it under the terms of the GNU General Public License as published by
	the Free Software Foundation, either version 3 of the License, or
	(at your option) any later version.

	This extension is distributed in the hope that it will be useful,
	but WITHOUT ANY WARRANTY; without even the implied warranty of
	MERCHANTABILITY or FITNESS FOR A PARTICULAR PURPOSE.  See the
	GNU General Public License for more details.

	You should have received a copy of the GNU General Public License
	along with this extension.  If not, see <http://www.gnu.org/licenses/>.
*/
-->

<extension engine="1.0">
	<id>nya_active_topics</id>
	<title>Active Topics</title>
	<version>0.3.1</version>
	<description>Shows last active topics on the forum index.</description>
	<author>KANekT</author>
	<minversion>1.4RC2</minversion>
	<maxtestedon>1.4</maxtestedon>
	
	<dependencies>
		<dependency>pun_jquery</dependency>
	</dependencies>

	<install>
		<![CDATA[
			forum_config_add("o_nya_active_topics", "5");
		]]>
	</install>
	
	<uninstall>
		<![CDATA[
			forum_config_remove("o_nya_active_topics");
		]]>
	</uninstall>
	
	<hooks>
		<hook id="hd_head"><![CDATA[
			if (FORUM_PAGE == 'index')
			{
				// Load CSS
				if ($forum_user['style'] != 'Oxygen' && file_exists($ext_info['path'].'/css/'.$forum_user['style'].'/jScrollPane.css'))
					$forum_loader->add_css($ext_info['url'].'/css/'.$forum_user['style'].'/jScrollPane.css', array('type' => 'url', 'weight' => '90', 'media' => 'screen'));
				else
					$forum_loader->add_css($ext_info['url'].'/css/Oxygen/jScrollPane.css', array('type' => 'url', 'weight' => '90', 'media' => 'screen'));
			}
		]]></hook>
		<hook id="in_main_output_start">
<![CDATA[
if (file_exists($ext_info['path'].'/lang/'.$forum_user['language'].'/'.$ext_info['id'].'.php')) {
	include $ext_info['path'].'/lang/'.$forum_user['language'].'/'.$ext_info['id'].'.php';
} else {
	include $ext_info['path'].'/lang/English/'.$ext_info['id'].'.php';
}
?>
<div class="main-head">
	<h2 class="hn"><span><?php echo $lang_active_topics['Active topics']; ?></span></h2>
</div>
<?php
$query = array(
	'SELECT'	=> 't.id, t.last_poster, t.last_post_id, t.subject, t.num_views, t.num_replies',
	'FROM'		=> 'topics AS t',
	'JOINS'		=> array(
		array(
			'LEFT JOIN'		=> 'forum_perms AS fp',
			'ON'			=> '(fp.forum_id=t.forum_id AND fp.group_id='.$forum_user['g_id'].')'
		)
	),
	'WHERE'		=> '(fp.read_forum IS NULL OR fp.read_forum=1) AND t.moved_to IS NULL',
	'ORDER BY'	=> 't.last_post DESC',
	'LIMIT'		=> $forum_config['o_nya_active_topics']
);

require FORUM_ROOT.'lang/'.$forum_user['language'].'/forum.php';


?>
<div class="main-content main-forum<?php echo ($forum_config['o_topic_views'] == '1') ? ' forum-views' : ' forum-noview' ?>">
<table width="100%" border="0" cellspacing="0" cellpadding="0">
		<tr><td>	
<div class="activ_topic">
<?php

$forum_page['item_count'] = 0;

$result = $forum_db->query_build($query) or error(__FILE__, __LINE__);
while($cur_topic = $forum_db->fetch_assoc($result)) {
		// Start from scratch
		$forum_page['subject'] = array();

		if ($forum_config['o_censoring'] == '1')
			$cur_topic['subject'] = censor_words($cur_topic['subject']);

		$forum_page['subject']['title'] = '<font color="#FF9900"><strong>›</strong></font> <a href="'.forum_link($forum_url['post'], $cur_topic['last_post_id']).'">'.forum_htmlencode($cur_topic['subject']).'</a>';

		$forum_page['subject']['desc'] = sprintf($lang_forum['Topic starter'], forum_htmlencode($cur_topic['last_poster']));

		$forum_page['subject']['replies'] = '<span class="label">'.$lang_forum['replies'].'</span>: '.forum_number_format($cur_topic['num_replies']);

		if ($forum_config['o_topic_views'] == '1')
			$forum_page['subject']['views'] = '<span class="label">'.$lang_forum['views'].'</span>: '.forum_number_format($cur_topic['num_views']);

?>
		<div id="topic<?php echo $cur_topic['id'] ?>">
			<div class="item-subject">
				<?php echo implode("&#160;&#187;&#160;", $forum_page['subject'])."\n" ?>
			</div>
		</div>
<?php
	}
?>
</div>
</td><td><div class="activ_topic"><?php
$query = array(
	'SELECT'	=> 't.id, t.last_poster, t.last_post_id, t.subject, t.num_views, t.num_replies',
	'FROM'		=> 'topics AS t',
	'JOINS'		=> array(
		array(
			'LEFT JOIN'		=> 'forum_perms AS fp',
			'ON'			=> '(fp.forum_id=t.forum_id AND fp.group_id='.$forum_user['g_id'].')'
		)
	),
	'WHERE'		=> '(fp.read_forum IS NULL OR fp.read_forum=1) AND t.moved_to IS NULL AND t.sticky=1',
	'ORDER BY'	=> 't.last_post DESC',
	'LIMIT'		=> $forum_config['o_nya_active_topics']
);
$result = $forum_db->query_build($query) or error(__FILE__, __LINE__);
while($cur_topic = $forum_db->fetch_assoc($result)) {
		++$forum_page['item_count'];

		// Start from scratch
		$forum_page['subject'] = array();

		if ($forum_config['o_censoring'] == '1')
			$cur_topic['subject'] = censor_words($cur_topic['subject']);

		$forum_page['subject']['title'] = '<font color="#FF9900"><strong>›</strong></font> <a href="'.forum_link($forum_url['post'], $cur_topic['last_post_id']).'">'.forum_htmlencode($cur_topic['subject']).'</a>';

		$forum_page['subject']['desc'] = sprintf($lang_forum['Topic starter'], forum_htmlencode($cur_topic['last_poster']));

		$forum_page['subject']['replies'] = '<span class="label">'.$lang_forum['replies'].'</span>: '.forum_number_format($cur_topic['num_replies']);

		if ($forum_config['o_topic_views'] == '1')
			$forum_page['subject']['views'] = '<span class="label">'.$lang_forum['views'].'</span>: '.forum_number_format($cur_topic['num_views']);

?>
		<div id="topic<?php echo $cur_topic['id'] ?>">
			<div class="item-subject">
				<?php echo implode("&#160;&#187;&#160;", $forum_page['subject'])."\n" ?>
			</div>
		</div>
<?php
	}

?></div></td></tr></table>
</div>
<?php
]]>
		</hook>
		<hook id="aop_setup_pre_topics_per_page">
<![CDATA[
if (file_exists($ext_info['path'].'/lang/'.$forum_user['language'].'/'.$ext_info['id'].'.php')) {
	include $ext_info['path'].'/lang/'.$forum_user['language'].'/'.$ext_info['id'].'.php';
} else {
	include $ext_info['path'].'/lang/English/'.$ext_info['id'].'.php';
}
?>
					<div class="sf-set set<?php echo ++$forum_page['item_count'] ?>">
						<div class="sf-box text">
							<label for="fld<?php echo ++$forum_page['fld_count'] ?>"><span><?php echo $lang_active_topics['Active topics setting']; ?></span></label><br />
							<span class="fld-input"><input type="number" id="fld<?php echo $forum_page['fld_count'] ?>" name="form[nya_active_topics]" size="5" maxlength="3" value="<?php echo $forum_config['o_nya_active_topics'] ?>" /></span>
						</div>
					</div>
<?php
]]>
		</hook>
		<!-- load js from url -->
		<hook id="ft_js_include" priority="4"><![CDATA[
			$forum_loader->add_js($ext_info['url'].'/js/jScrollPane.js', array('type' => 'url', 'async' => false, 'weight' => 80));
			$forum_loader->add_js('$(document).ready(function(){$(".activ_topic").jScrollPane({scrollbarWidth:15});});', array('type' => 'inline'));
		]]></hook>
	</hooks>
</extension>
