<?xml version="1.0" encoding="utf-8"?>
<!DOCTYPE extension SYSTEM "ext-1.0.dtd">

<!--
/**
 *
 * @copyright Copyright (C) 2011 PunBB
 * @license http://www.gnu.org/licenses/gpl.html GPL version 2 or higher
 * @package nya_moder_topic
 */
-->

<extension engine="1.0">
	<id>nya_moder_topic</id>
	<title>Moder Topic</title>
	<version>0.9.6</version>
	<description>Moder Topic</description>
	<author>KANekT</author>
	<minversion>1.3.5</minversion>
	<maxtestedon>1.3.6</maxtestedon>
	<install>
		if (!$forum_db->table_exists('officer')) {
			$schema = array(
				'FIELDS' => array(
						'id' => array(
						'datatype' => 'SERIAL',
						'allow_null' => false
					),
						'topic_id' => array(
						'datatype' => 'INT(10)',
						'allow_null' => false
					),
						'user_id' => array(
						'datatype' => 'INT(10)',
						'allow_null' => false
					)
				),
				'PRIMARY KEY' => array('id')
			);
			$forum_db->create_table('officer', $schema);
			
			$query = array(
				'INSERT'  => 'conf_name, conf_value',
				'INTO'    => 'config',
				'VALUES'  => '\'o_nmp_officer\', \'1\'' 
			);
			$forum_db->query_build($query);
			$query = array(
				'INSERT'  => 'conf_name, conf_value',
				'INTO'    => 'config',
				'VALUES'  => '\'o_nmp_jquery\', \'1\'' 
			);
			$forum_db->query_build($query);
			$query = array(
				'INSERT'  => 'conf_name, conf_value',
				'INTO'    => 'config',
				'VALUES'  => '\'o_nmp_view\', \'1\'' 
			);
			$forum_db->query_build($query);
			$query = array(
				'INSERT'  => 'conf_name, conf_value',
				'INTO'    => 'config',
				'VALUES'  => '\'o_nmp_silent\', \'1\'' 
			);
			$forum_db->query_build($query);
		}
	</install>
	<uninstall>
        $query = array(
                'DELETE' => 'config',
                'WHERE'  => 'conf_name in (\'o_nmp_officer\', \'o_nmp_jquery\',\'o_nmp_view\',\'o_nmp_silent\')',
        );
        $forum_db->query_build($query);

		$forum_db->drop_table('officer');
		// Remove cache file
		@unlink(FORUM_CACHE_DIR.'cache_moder_topic.php');
	</uninstall>
	<hooks>
	<hook id="vt_pre_header_load"><![CDATA[
		if (!$forum_page['is_admmod'] && isset($moder_topic['username'][$id][$forum_user['id']]))
		{
			$forum_page['main_foot_options']['moderate_topic'] = '<span><a class="mod-option" href="'.forum_sublink($forum_url['moderate_topic'], $forum_url['page'], $forum_page['page'], array($cur_topic['forum_id'], $id)).'">'.$lang_topic['Moderate topic'].'</a></span>';
		}
		
		$res_username = array();
		if (isset($moder_topic['user_id'][$id]))
		{
			foreach ($moder_topic['user_id'][$id] as $user_id)
			{
				$res_username[] = $moder_topic['username'][$id][$user_id];
			}
		}
		if (!empty($res_username))
			$forum_page['items_info'] .= sprintf($lang_nya_moder_topic['Topic officer crumbs'], implode(', ', $res_username));
	]]></hook>
	
	<hook id="vt_row_pre_post_actions_merge"><![CDATA[
		if (isset($moder_topic['username'][$id][$cur_post['poster_id']]) && $forum_config['o_nmp_view'] == 1)
		{
			$forum_page['author_ident']['userofficer'] = '<li class="userofficer"><span>'.$lang_nya_moder_topic['Topic officer'].'</span></li>';
		}
		if (!$forum_page['is_admmod'] && isset($moder_topic['username'][$id][$forum_user['id']]))
		{
			$forum_page['post_actions']['edit'] = '<span class="edit-post'.(empty($forum_page['post_actions']) ? ' first-item' : '').'"><a href="'.forum_link($forum_url['edit'], $cur_post['id']).'">'.$lang_topic['Edit'].'<span> '.$lang_topic['Post'].' '.forum_number_format($forum_page['start_from'] + $forum_page['item_count']).'</span></a></span>';
		}
	]]></hook>
	
	<hook id="mr_pre_permission_check"><![CDATA[
		if (isset($_GET['tid']))
		{
			$tid = intval($_GET['tid']);
			if ($tid < 1)
				message($lang_common['Bad request']);
				
			if (isset($moder_topic['username'][$tid][$forum_user['id']]))
			{
				$mods_array[$moder_topic['username'][$tid][$forum_user['id']]] = $forum_user['id'];
				$forum_user['g_moderator'] = '1';
			}	
		}
	]]></hook>
	
	<hook id="ed_pre_permission_check"><![CDATA[
		$forum_page['is_adm'] = ($forum_user['g_id'] == FORUM_ADMIN) ? true : false;
		$forum_page['is_mod'] = ($forum_user['g_moderator'] == '1' && array_key_exists($forum_user['username'], $mods_array)) ? true : false;
		if (isset($moder_topic['username'][$cur_post['tid']][$forum_user['id']]))
		{
			$forum_page['is_admmod'] = true;
		}	
	]]></hook>
	
	<hook id="ed_pre_post_edited"><![CDATA[
		if ($forum_page['is_adm'] || ($forum_page['is_mod'] && $forum_config['o_nmp_officer'] == 1))
		{
			if (isset($_POST['post_officer']))
				$new_moder = moder_topic_parse_string(utf8_trim($_POST['post_officer']));

			if (empty($new_moder))
			{
				if (isset($moder_topic['user_id'][$cur_post['tid']]))
				{
					moder_topic_remove_topic($cur_post['tid']);
					$update_cache = TRUE;
				}
			}
			else
			{
				$old_moder = array();
				if (!empty($moder_topic['user_id'][$cur_post['tid']]))
				{
					foreach ($moder_topic['user_id'][$cur_post['tid']] as $old_moder_id)
						$old_moder[$old_moder_id] = $old_moder_id;
				}

				$remove_moder = array_diff($old_moder, $new_moder);
				if (!empty($remove_moder))
				{
					$moder_query = array(
						'DELETE'	=>	'officer',
						'WHERE'		=>	'topic_id = '.$cur_post['tid'].' AND user_id IN ('.implode(',', array_keys($remove_moder)).')'
					);
					$forum_db->query_build($moder_query) or error(__FILE__, __LINE__);
					$update_cache = TRUE;
				}

				$search_arr = isset($moder_topic['user_id'][$cur_post['tid']]) ? $moder_topic['user_id'][$cur_post['tid']] : array();
				foreach ($new_moder as $moder)
				{
					if (in_array($moder, $old_moder))
						continue;
					$tag_id = array_search($moder, $search_arr);
					if ($tag_id === FALSE)
						moder_topic_add_new($moder, $cur_post['tid']);
					$update_cache = TRUE;
				}
				
			}
			if (!empty($update_cache))
			{
				moder_topic_generate_cache();
			}
		}
	]]></hook>
		
	<hook id="ed_pre_message_box" priority = "2"><![CDATA[
		if (($forum_page['is_adm'] || ($forum_page['is_mod'] && $forum_config['o_nmp_officer'] == 1)) && $can_edit_subject)
		{
			$res_username = $res_user_id = array();
			if (isset($moder_topic['user_id'][$cur_post['tid']]))
			{
				foreach ($moder_topic['user_id'][$cur_post['tid']] as $user_id)
				{
					$res_user_id[] = $user_id;
					$res_username[] = $moder_topic['username'][$cur_post['tid']][$user_id].'['.$user_id.']';
				}
			}
		?>
				<div class="sf-set set<?php echo ++$forum_page['item_count'] ?>">
					<div class="sf-box text required">
						<label for="fld<?php echo ++ $forum_page['fld_count'] ?>">
						<span><?php echo $lang_nya_moder_topic['Topic officers'] ?></span>
						<small><?php if (!empty($res_username)) echo implode(', ', $res_username); else echo '';  ?></small></label><br />
						<span class="fld-input"><input id="fld<?php echo $forum_page['fld_count'] ?>" type="text" name="post_officer" size="70" maxlength="70" value="<?php if (!empty($res_user_id)) echo implode(', ', $res_user_id); else echo '';  ?>" /></span>
					</div>
				</div>	
		<?php
		}
	]]></hook>
	
	<hook id="ed_pre_checkbox_display"><![CDATA[
		if (isset($moder_topic['username'][$cur_post['tid']][$forum_user['id']]) && $forum_config['o_nmp_silent'] == 1)
		{
			$forum_page['checkboxes']['silent'] = '<div class="mf-item"><span class="fld-input"><input type="checkbox" id="fld'.(++$forum_page['fld_count']).'" name="silent" value="1" checked="checked" disabled="disabled"/></span> <label for="fld'.$forum_page['fld_count'].'">'.$lang_post['Silent edit'].'</label></div>';
		}
	]]></hook>

	<hook id="ul_qr_get_users"><![CDATA[
	if ($forum_page['show_group'] == 0)
	{
		// Grab the users
		$query = array(
			'SELECT'	=> 'u.id, u.username, u.title, u.num_posts, u.registered, g.g_id, g.g_user_title',
			'FROM'		=> 'users AS u',
			'JOINS'		=> array(
				array(
					'LEFT JOIN'		=> 'groups AS g',
					'ON'			=> 'g.g_id=u.group_id'
				),
				array(
					'INNER JOIN'	=> 'officer AS r',
					'ON'			=> 'r.user_id=u.id'
				)
			),
			'WHERE'		=> 'u.id > 1',
			'ORDER BY'	=> $forum_page['sort_by'].' '.$forum_page['sort_dir'].', u.id ASC',
			'LIMIT'		=> $forum_page['start_from'].', 50'
		);
	}
	]]></hook>
	
	<hook id="ul_qr_get_user_count"><![CDATA[
	if ($forum_page['show_group'] == 0)
	{
		$query = array(
			'SELECT'	=> 'COUNT(u.id)',
			'FROM'		=> 'users AS u',
				'JOINS'		=> array(
					array(
						'INNER JOIN'	=> 'officer AS r',
						'ON'			=> 'r.user_id=u.id'
					)
				),
			'WHERE'		=> 'u.id > 1'			
		);
	}
	]]></hook>

	<hook id="ul_search_new_group_option"><![CDATA[
		?>
			<option value="0"<?php if ($forum_page['show_group'] == 0) echo ' selected="selected"' ?>><?php echo $lang_nya_moder_topic['Topic officers'] ?></option>
		<?php
	]]></hook>

	<hook id="pf_change_details_about_pre_header_load"><![CDATA[
 		if (($forum_page['own_profile'] || $forum_user['g_id'] == FORUM_ADMIN))
			 $forum_page['user_activity']['search_resp'] = '<li'.(empty($forum_page['user_activity']) ? ' class="first-item"' : '').'><a href="'.forum_link($forum_url['search_responsible'], $id).'">'.(($forum_page['own_profile']) ? $lang_nya_moder_topic['View your responsible'] : $lang_nya_moder_topic['View user responsible']).'</a></li>';
	]]></hook>

	<hook id="sf_fn_generate_action_search_query_end"><![CDATA[
		if ($action == 'show_responsible'):
			$query = array(
				'SELECT'	=> 't.id AS tid, t.poster, t.subject, t.first_post_id, t.posted, t.last_post, t.last_post_id, t.last_poster, t.num_replies, t.closed, t.sticky, t.forum_id, f.forum_name',
				'FROM'		=> 'topics AS t',
				'JOINS'		=> array(
					array(
						'INNER JOIN'	=> 'officer AS r',
						'ON'			=> 'r.user_id='.$value.''
					),
					array(
						'INNER JOIN'	=> 'forums AS f',
						'ON'			=> 'f.id=t.forum_id'
					),
					array(
						'LEFT JOIN'		=> 'forum_perms AS fp',
						'ON'			=> '(fp.forum_id=f.id AND fp.group_id='.$forum_user['g_id'].')'
					)
				),
				'WHERE'		=> '(fp.read_forum IS NULL OR fp.read_forum=1)',
				'ORDER BY'	=> 't.last_post DESC'
			);

			// With "has posted" indication
			if (!$forum_user['is_guest'] && $forum_config['o_show_dot'] == '1')
			{
				$subquery = array(
					'SELECT'	=> 'COUNT(p.id)',
					'FROM'		=> 'posts AS p',
					'WHERE'		=> 'p.poster_id='.$forum_user['id'].' AND p.topic_id=t.id'
				);

				$query['SELECT'] .= ', ('.$forum_db->query_build($subquery, true).') AS has_posted';
			}

			$url_type = $forum_url['search_responsible'];

			endif;
	]]></hook>

	<hook id="sf_fn_validate_actions_start"><![CDATA[
		$valid_actions [] = 'show_responsible';		
	]]></hook>

	<hook id="se_additional_quicksearch_variables"><![CDATA[
		if ($action == 'show_responsible')
		{
			$value = isset($_GET['user_id']) ? intval($_GET['user_id']) : 0;
			if ($value < 2)
				message($lang_common['Bad request']);
		}
	]]></hook>
	
	<hook id="co_common"><![CDATA[
		if (file_exists($ext_info['path'].'/lang/'.$forum_user['language'].'/'.$ext_info['id'].'.php'))
			require $ext_info['path'].'/lang/'.$forum_user['language'].'/'.$ext_info['id'].'.php';
		else
			require $ext_info['path'].'/lang/English/'.$ext_info['id'].'.php';
			
		define('MODER_POST_CACHE_UPDATE', 12);

		require_once $ext_info['path'].'/functions.php';

		if (file_exists(FORUM_CACHE_DIR.'cache_moder_topic.php'))
			include FORUM_CACHE_DIR.'cache_moder_topic.php';

		// Regenerate cache
		if ((!defined('MODER_POST_LOADED') || $moder_topic['cached'] < (time() - 3600 * MODER_POST_CACHE_UPDATE)))
		{
			moder_topic_generate_cache();
			require FORUM_CACHE_DIR.'cache_moder_topic.php';
		}
	]]></hook>
		
	<hook id="aop_features_validation"><![CDATA[
		if (!isset($form['nmp_officer']) || $form['nmp_officer'] != '1') 
			$form['nmp_officer'] = '0';
		if (!isset($form['nmp_jquery']) || $form['nmp_jquery'] != '1') 
			$form['nmp_jquery'] = '0';
		if (!isset($form['nmp_view']) || $form['nmp_view'] != '1') 
			$form['nmp_view'] = '0';
		if (!isset($form['nmp_silent']) || $form['nmp_silent'] != '1') 
			$form['nmp_silent'] = '0';
	]]></hook>
	
	<hook id="aop_features_posting_fieldset_end"><![CDATA[
	//include language file
	if (file_exists($ext_info['path'].'/lang/'.$forum_user['language'].'/'.$ext_info['id'].'.php'))
		require $ext_info['path'].'/lang/'.$forum_user['language'].'/'.$ext_info['id'].'.php';
	else
		require $ext_info['path'].'/lang/English/'.$ext_info['id'].'.php';

?>
				<div class="sf-set set<?php echo ++$forum_page['item_count'] ?>">
					<div class="sf-box checkbox">
						<span class="fld-input"><input type="checkbox" id="fld<?php echo ++$forum_page['fld_count'] ?>" name="form[nmp_officer]" value="1"<?php if ($forum_config['o_nmp_officer'] == '1') echo ' checked="checked"' ?> /></span>
						<label for="fld<?php echo $forum_page['fld_count'] ?>"><span><?php echo $lang_nya_moder_topic['Allow moder'] ?></span> <?php echo $lang_nya_moder_topic['Allow moder label'] ?></label>
					</div>
				</div>
				<div class="sf-set set<?php echo ++$forum_page['item_count'] ?>">
					<div class="sf-box checkbox">
						<span class="fld-input"><input type="checkbox" id="fld<?php echo ++$forum_page['fld_count'] ?>" name="form[nmp_jquery]" value="1"<?php if ($forum_config['o_nmp_jquery'] == '1') echo ' checked="checked"' ?> /></span>
						<label for="fld<?php echo $forum_page['fld_count'] ?>"><span><?php echo $lang_nya_moder_topic['jQuery enable'] ?></span> <?php echo $lang_nya_moder_topic['jQuery enable label'] ?></label>
					</div>
				</div>
				<div class="sf-set set<?php echo ++$forum_page['item_count'] ?>">
					<div class="sf-box checkbox">
						<span class="fld-input"><input type="checkbox" id="fld<?php echo ++$forum_page['fld_count'] ?>" name="form[nmp_view]" value="1"<?php if ($forum_config['o_nmp_view'] == '1') echo ' checked="checked"' ?> /></span>
						<label for="fld<?php echo $forum_page['fld_count'] ?>"><span><?php echo $lang_nya_moder_topic['View enable'] ?></span> <?php echo $lang_nya_moder_topic['View enable label'] ?></label>
					</div>
				</div>
				<div class="sf-set set<?php echo ++$forum_page['item_count'] ?>">
					<div class="sf-box checkbox">
						<span class="fld-input"><input type="checkbox" id="fld<?php echo ++$forum_page['fld_count'] ?>" name="form[nmp_silent]" value="1"<?php if ($forum_config['o_nmp_silent'] == '1') echo ' checked="checked"' ?> /></span>
						<label for="fld<?php echo $forum_page['fld_count'] ?>"><span><?php echo $lang_nya_moder_topic['Silent enable'] ?></span> <?php echo $lang_nya_moder_topic['Silent enable label'] ?></label>
					</div>
				</div>
<?php
		
	]]></hook>
	
	<hook id="hd_head" priority="10"><![CDATA[
		if((FORUM_PAGE === 'postedit' || FORUM_PAGE === 'post') && $forum_config['o_nmp_jquery'] == 1) {
			$forum_head['js_jquery_ui'] = '<script type="text/javascript" src="'.$ext_info['url'].'/js/jquery-ui.js"></script>';
			$forum_head['style_jquery_ui'] = '<link rel="stylesheet" type="text/css" media="screen" href="'.$ext_info['url'].'/css/jquery-ui.css" />';
			$forum_head['js_jquery_ui0'] = '<script type="text/javascript">var j_url = \''.$ext_info['url'].'\';</script>';
			$forum_head['js_jquery_ui2'] = '<script type="text/javascript" src="'.$ext_info['url'].'/js/script.js"></script>';
		}
	]]></hook>

	<hook id="co_modify_url_scheme"><![CDATA[
		if (file_exists($ext_info['path'].'/url/'.$forum_config['o_sef'].'.php'))
			require $ext_info['path'].'/url/'.$forum_config['o_sef'].'.php';
		else
			require $ext_info['path'].'/url/Default.php';
	]]></hook>

	<hook id="re_rewrite_rules"><![CDATA[
		$forum_rewrite_rules['/^search[\/_-]?responsible[\/_-]?([0-9]+)(\.html?|\/)?$/i'] = 'search.php?action=show_responsible&user_id=$1';
		$forum_rewrite_rules['/^search[\/_-]?responsible[\/_-]?([0-9]+)[\/_-]p(age)?[\/_-]?([0-9]+)(\.html?|\/)?$/i'] = 'search.php?action=show_responsible&user_id=$1&p=$3';
	]]></hook>
	</hooks>
</extension>
